id_juego,nombre,idioma,ambito,nombre_empresa,precio,registro,url,descripcion,videos,ficha_pdf 
1,Bridge IT,Español,Comercial,Juegos Empresa,Contactar,SI,http://www.juegosempresa.com/serious-games/bridge-it/,Bridge IT es una poderosa herramienta diseñada para tratar los problemas habituales del trabajo en equipo mediante la aportación de soluciones y el desarrollo de softskills. Incorpora una versión basada en la metodología PRINCE2.,NA,
2,Control IT,Español,Comercial,Juegos Empresa,Contactar,SI,http://www.juegosempresa.com/serious-games/control-it/,Control IT está diseñada en base a las mejores prácticas de Service Management e introduce de forma ágil y directa los beneficios reales del It Service Management.,NA,
3,Ease IT,Español,Comercial,Juegos Empresa,Contactar,SI,http://www.juegosempresa.com/serious-games/ease-it/,"La simulación de negocio Ease IT aplica el pensamiento lean de una forma reveladora, directa y divertida para transmitir los beneficios de una forma de trabajar orientada a resultados y procesos.",NA,
4,Agile IT,Español,Comercial,Juegos Empresa,Contactar,SI,http://www.juegosempresa.com/serious-games/agile-it/,"Agile IT ha sido diseñado para facilitar la inmersión de cualquier empresa en las metodologías ágiles de gestión de proyectos. Con la simulación Agile IT los participantes no sólo aprenden, sino que ejecutan su primer proyecto con Scrum.",NA,
5,A Hear Effort,Español,Comercial,Juegos Empresa,400,SI,http://www.juegosempresa.com/serious-games/a-heart-effort/,Sencillo juego de preguntas diseñado para favorecer la comunicación y la obtención creativa de ideas entre los participantes acerca de diferentes temas relacionados con su organización.,NA,
6,El Expendedor,Español,Gratuito,NA,NA,NO,https://proyectosagiles.org/2009/09/13/expendedor-juego-simulacion-scrum/,"""El expendedor"" es un juego de 75 minutos para equipos que se inician en Scrum. Permite entender además diversos conceptos que facilitan el desarrollo ágil.",NA,
7,Business Game,Español,Gratuito,NA,NA,SI,http://simuladores-empresariales.com/uva/,Business Game es un simulador basado en la gestión de una empresa en todos sus ámbitos dentro de un mercado competitivo.,NA,
8,El Dilema del Prisionero,Español,Gratuito,NA,NA,NO,http://www.eumed.net/cursecon/juegos/presos.html,"El Dilema del Prisionero es un modelo de conflictos estudiado por la Teoría de Juegos dentro de la categoría del ""Equilibrio de Nash"".",NA,
9,The 5S Challenge Game,Inglés,Comercial,LeanGames,223,SI,https://www.leangames.co.uk/product/5s-game/,The 5S Game es una simulación práctica enfocada al entrenamiento empresarial para que los participantes entiendan y apliquen los principios de las 5S en su entorno de trabajoo.,NA,
10,SMED Lean Simulation,Inglés,Comercial,LeanGames,946.41,SI,https://www.leangames.co.uk/product/smed-lean-simulation/,The SMED Lean Simulation es un juego basado en una máquina que simula procesos de fabricación en industrias con el objetivo de demostrar los principios y la metodología SMED.,NA,
11,Plug Game Simulation,Inglés,Comercial,LeanGames,346.01,SI,https://www.leangames.co.uk/product/plug-game-simulation/,"The Plug Game es una simulación de fabricación basada en el ensamblaje de clavijas. Demuestra la utilidad en la mejora de procesos de conceptos como: push/pull, One piece flow, Kanban etc.",NA,
12,Six Sigma Game,Inglés,Comercial,LeanGames,346.01,SI,https://www.leangames.co.uk/product/six-sigma-game/,"The Six Game es una simulación de entrenamiento práctivo ideal para demosrtrar la aplicación de técnicas de resolución de problemas como diagramas de espina de pez, brainstorming y six sigma/DOE.",NA,
13,Torch Game,Inglés,Comercial,LeanGames,346.01,SI,https://www.leangames.co.uk/product/torch-game-simulation-/,"The Torch Game es una simulación de fabricación basada en el montaje de antorchas con componentes más grandes que requieren menos destreza que ""The Plug Game"". Introduce los conceptos de Análisis de Pareto, asignación de filtros de calidad etc.",NA,
14,Lean Office Game,Inglés,Comercial,LeanGames,336.01,SI,https://www.leangames.co.uk/product/lean-office-game/,The Lean Office Game es un juego de entrenamiento empresarial. El objetivo del juego es destacar ineficiencias típicas que se encuentran en los entornos de trabajo de oficina y demostrar cómo se pueden implementar cambios simples para mejorar la eficie...,NA,
15,The 6S Challenge Game,Inglés,Comercial,LeanGames,218.41,SI,https://www.leangames.co.uk/product/6s-challenge-game/,"The 6S Challenge Game es una versión extendida de The 5S Game que incorpora el concepto de la sexta ""S"" de seguridad revisando cada acción en cada área para garantizar que no se pasen por alto riesgos portenciales.",NA,
16,El Juego de las 5S,Español,Gratuito,NA,NA,NO,https://logisticamuialpcsupv.wordpress.com/2016/03/22/el-juego-de-las-5s-del-caos-al-orden/,Breve introducción a la metodología de las 5S mediante la explicación de un juego que consiste en localizar en la pantalla los números del 1 al 49. En el vídeo se demostrará como la tarea puede ser mucho más sencilla aplicando las 5S.,NA,
17,Dinámica 5S,Español,Gratuito,NA,NA,NO,https://prezi.com/wz6bzoupxa0f/dinamica-5s-s/,Artículo en formato Prezzi que desarrolla una dinámica de trabajo en equipo con el objetvio de que los participantes reconozcan la falta de organización y como esta afecta a la eficiencia y a la agilidad de producción.,NA,
18,El Juego de la Cerveza,Español,Gratuito,NA,NA,NO,https://es.slideshare.net/SAMSAMARIO2011/taller-sobre-el-juego-de-la-cerveza2,Samuel Prieto Mejía propone una versión del Juego de la Cervezar para los estudiantes con el objetivo de demostrar de forma práctica las oscilaciones que provocan las demoras en la cadena de distribución.,NA,
19,The Fishbanks Game,Inglés,Gratuito,NA,NA,SI,https://mitsloan.mit.edu/LearningEdge/simulations/fishbanks/Pages/fish-banks.aspx,Fishbanks es una simulación multijugador en dode los participantes desempeñan el papel de pescadores y buscan maximizar sus beneficios mientras compiten con otros jugadores.,NA,
20,The 5S Alphabet Game,Inglés,Gratuito,NA,NA,NO,http://www.leansimulations.org/2014/03/the-5s-alphabet-game-how-fast-can-you.html,The 5S Alphabet Game es un sencillo juego online que introduce los conceptos de las 5S mediante un juego con el abecedario.,NA,
21,Pen and Paper Game,Inglés,Gratuito,NA,NA,NO,http://www.leansimulations.org/2014/04/lean-project-management-pen-and-paper.html,El juego del Bolígrafo y el Papel es una sencilla actividad que demuestra la ineficiencia de dividir tareas y realizar múltiples tareas a la hora de administrar proyectos.,NA,
22,La Paradoja del diamante y el agua,Español,Gratuito,NA,NA,NO,https://www.juandemariana.org/ijm-actualidad/analisis-diario/sobre-la-paradoja-del-valor,Artículo que explica la Paradoja del Agua y los Diamantes de Adam Smith sobre la utilidad de los activos y su relación con el precio en los mercados.,NA,
23,La mano invisible,Español,Gratuito,NA,NA,NO,https://blog.selfbank.es/la-mano-invisible-de-adam-smith/,"Artículo redactado por el Equipo de Self Bank que desarrolla la teoría de La Mano Invisible de Adam Smith, de cómo la ley de la oferta y la demanda benefician al conjunto de la sociedad.",NA,
24,Wentels,Español,Gratuito,NA,NA,SI,http://www.wentels.com/es/el-juego-empresarial,WENTELS es una herramienta e-Learning que tiene como objetivo que el usuario ponga en práctica fundamentos de la gestión de una empresa de nueva creación. Tiene dos versiones: comercio y consultoría.,NA,
25,SimulTrain,Inglés,Comercial,SimulTrain,Contactar,SI,https://www.simultrain.swiss/,SimulTrain® es un simulador de gestión de proyectos en línea que permite a los estudiantes adquirir competencias básicas al tiempo que mejoran el trabajo en equipo y las habilidades de liderazgo en un entorno realista y de ritmo rápido.,NA,
26,Los aviones de papel,Español,Gratuito,NA,NA,NO,https://altacuncta.wordpress.com/2012/09/26/simulacion-lean-manufacturing-los-aviones-de-papel/,Artículo en el Blog de Altacuncta en el que se explica un ejercico de simulación lean con aviones de papel.,NA,
27,"Maleta ""SMED""",Español,Comercial,LeanBox,Contactar,NO,http://leanbox.es/maleta-smed/,La Maleta SMED es un juego que reproduce un cambio de utillaje de una máquina. Permite profundizar en la metodología SMED y 5S.,NA,
28,La Fábrica de Papel,Español,Comercial,LeanBox,Contactar,NO,http://leanbox.es/la-fabrica-de-papel/,"El juego de La Fábrica de Papel simula una fábrica dedicada a la transformación de hojas de papel, desde el suministro de materia prima hasta la entrega al cliente. Tiene como objetivo dar consciencia los beneficios de una organización por células d...",NA,
29,"Maleta ""Kanban""",Español,Comercial,LeanBox,Contactar,NO,http://leanbox.es/maleta-kanban/,"La Maleta Kanban permite que los participantes entiendan cómo funciona realmente el Kanban mediante la simulación de un Sumerpercado Kanban. Además, aprenderán a gestionar almacenes desde una concepción de flujo ""pull"".",NA,
30,La Torre,Español,Comercial,LeanBox,Contactar,NO,https://leanbox.es/aprende-jugando/la-torre/,El juego del Concurso La Torre plantea un concurso de ideas a los participantes. Estos competirán entre sí de forma individual y posteriormente por equipos. Muestra las ventajas del trabajo en equipo y fomenta la creatividad de los participantes.,NA,
31,Cafetería El Lío,Español,Comercial,LeanBox,Contactar,NO,http://leanbox.es/cafeteria-el-lio/,El juego de la Cafetería Lío pone a los participantes en el papel de los camareros de una cafetería llena de clientes con prisa y que necesitan una factura. Por cada ronda se aplicará cada una de las 5S para que los participantes vean la evolución d...,NA,
32,La Gamba y El Guisante,Español,Comercial,LeanBox,Contactar,NO,http://leanbox.es/la-gamba-y-el-guisante/,"La Gamba y el Guisante simula una cadena de suministro desde el proveedor, pasando por la fábrica hasta el cliente final del supermercado. Se desarrolla en varias rondas en donde los participantes deben organizar la cadena de suministro e ir mejorándo...",NA,
33,Life Savers Game,"Español, Neerlandés",Comercial,Lifesavergame.nl,Contactar,SI,https://atos.net/es/2016/comunicados-de-prensa-es_2016_04_05/es-pr-2016_04_05_01,Life Savers Game es un juego de simulación creado por Atos con el fin de aumentar la concienciación sobre la seguridad de los empleados y la capacidad de reacción ante los riesgos laborables. Reproduce escenarios en los que se presentan riesgos en el ...,NA,
34,Alter Training Master,"Español, Inglés",Comercial,Kaneda Games,Contactar,SI,http://www.kaneda-games.com/?page_id=15#prettyphoto[/fusion_builder_column][fusion_builder_column row_column_index=,Alter Training Master es un videojuego serious game que pretende preparar a los trabajadores de una empresa en la resolución de conflictos laborables. Consta con más de 30 conflictos extraídos de conflctos reales dónde se puede apreciar el trato entr...,NA,
35,Implexa,Español,Comercial,Implexa,Contactar,SI,http://arodriguez.blogs.upv.es/implexa-juego-multijugador-de-simulacion-logistica-parte-1/,"Implexa es un juego multijugador en tiempo real de simulación logística diseñado con el objetivo de que los alumnos aprendan divirtiéndose con algunos de los conceptos básicos de la logística: suppy chain, coordinación cliente-proveedor, etc.",NA,
36,The Bottleneck Game,"Alemán, Francés, Inglés",Gratuito,NA,NA,NO,http://www.agilecoach.net/coach-tools/bottleneck-game/,"The Bottleneck Game permite al usuario experimentar cómo los ""Cinco Pasos de Enfoque"" de la Teoría de las Restricciones rápidamente dejan claro dónde y cómo mejorar los procesos. Juega con técnicas Lean y Agile en una simulación y aplica las técn...",NA,
37,The Lean-STAR Game,Inglés,Gratuito,NA,NA,NO,http://tastycupcakes.org/2017/04/the-lean-star-game/,"The Lean-STAR Game consiste en ir construyendo por rondas estrellas por piezas pasando de un WIP muy alto a, en la última ronda, un WIP muy bajo. Permite explicar las desventajas de trabajar mediante un inventario de trabajo en proceso (WIP).",NA,
38,Scrum Penny Game,Inglés,Gratuito,NA,NA,NO,http://www.scrum-breakfast.com/2010/03/scrum-value-simulation.html,"The Scrum Value Simulation enseña la importancia de trabajar con lotes pequeños y cómo de esta manera se optimiza el proceso. Los participantes se dividirán en clientes, jefes del cliente, trabajadores y expertos en eficiencia. El proceso consiste e...",NA,
39,Mr Happy Face,Inglés,Gratuito,NA,NA,NO,http://www.leansimulations.org/2010/11/mr-happy-face-showing-difference.html,Mr Happy Face permite contrastar los sistemas de push y pull. Varios equipos compiten entre sí creando cuantro tipos diferentes de caras felices con pedazos de cartulina cumpliendo los requisitos del cliente. Se aplicarán los sistemas push y pull en ro...,NA,
40,Tuckman Game,Inglés,Gratuito,NA,NA,NO,https://martijnvanasseldonk.com/tuckman-game/,"The Tuckman Game intenta simular las diferentes fases que experimenta un equipo de trabajo, desde la formación hasta la disolución. De esta forma permite dar una visión de las ventajas de formar un equipo Scrum.",NA,
41,Tarjetas de Fiesta,Español,Gratuito,NA,NA,NO,http://www.exyge.eu/blog/metodologias/de-fiesta-con-lean/,"En la actividad Tarjetas de Fiesta los participantes tendrán que fabricar tarjetas de invitación mediante una seire de pasos establecidos. En la primera parte fabricarán bajo el método ""batch & queue"" y en la segunda mediante ""one piece flow"". Esto ...",NA,
42,Scrum Card Game,"Alemán, Español, Inglés, Italiano",Comercial,Scrumcardgame,Gratis,SI,https://scrumcardgame.com/scrum-card-game-rules/,"The Scrum Card Game es un juego simple, que permite a los jugadores experimentar el trabajo en sprints de Scrum y trae a discusión muchas preguntas y temas que ocurren en la vida real mientras se trabaja en un equipo de Scrum. Esta experiencia facilita ...",NA,
43,El Juego del nombre en multitarea,Español,Gratuito,NA,NA,NO,http://www.scrummanager.net/blog/wp-content/uploads/2011/12/Multitasking-Name-Game_ESP.pdf,En el juego del Nombre en Multitarea (The Multitasking Name Game) se pide al usuario que escriba una serie de nombres mediante diferentes caminos y tome los tiempos. Se comprobará cómo el trabajo mediante multitarea puede acarrear inconvenientes en el ...,NA,
44,Roll Snakes eyes to win,Inglés,Gratuito,NA,NA,NO,http://www.leansimulations.org/2011/04/kanban-game-roll-snake-eyes-to-win.html,"El juego Roll Snake Eyes to Win está diseñado para que los trabajadores tomen consciencia del valor de Kanban en el desarrollo de productos. Mediante un conjunto de dados, los usuarios tendrán que ir pasando estos de una estación a otra bajo una seri...",NA,
45,MIT DICE Game,Inglés,Gratuito,NA,NA,NO,https://ocw.mit.edu/courses/aeronautics-and-astronautics/16-660j-introduction-to-lean-six-sigma-methods-january-iap-2012/lecture-videos/MIT16_660JIAP12_3-2.pdf,The MIT DICE Game tiene como objetivo que el usuario tome consciencia de la importancia que tiene la variabilidad en el rendimiento de un proceso.,NA,
46,The Scrum Ball point game,Español,Gratuito,NA,NA,NO,http://giovannycifuentes.com/the-ball-point-game-fabrica-de-pelotas/,"The Ball Point Game es un popular juego Lean que pretende introducir el sistema Scrum a los participantes, facilitar el trabajo en equipo, la adaptación y la mejora continua. El juego consiste en pasar entre los jugadores el mayor número de pelotas a l...",NA,
47,La Herramienta Lean de Toyota,Español,Gratuito,NA,NA,NO,https://jucarlos.wordpress.com/2017/09/05/la-herramienta-de-lean-estrategico-con-la-que-toyota-cambio-las-reglas-del-juego/,Artículo de Juan Carlos Moral en el que explica cómo Toyota consiguió aumentar su productividad mediante un sistema de diseño de sus piezas novedoso hasta la fecha.,NA,
48,The Card Drop Exercise,Inglés,Gratuito,NA,NA,NO,https://media.moresteam.com/university/downloads/RTY_Card_Drop_Instructions.pdf,"The Card Drop Exercise es una simulación que se usa para explicar el Rendimiento de procesamiento laminado (RTY) empleado en las seis sigma. El ejercicio es rápido y fácil de realizar, y requiere de materiales mínimos.",NA,
49,Push-line / Pull-line,Inglés,Gratuito,NA,NA,NO,http://www.leansimulations.org/2010/04/push-line-pull-line.html,"Pequeño juego diseñado para desarrolladores de software ya que, demuestra los principios de ""push"" frente a ""pull"". Además, muestra claramente los principios Lean hacia un entorno Kaizen.",NA,
50,Frog Factory Kanban Game,Inglés,Gratuito,NA,NA,NO,https://agilealliance.org/wp-content/uploads/2016/01/Frog-Factory-Kanban-experience.pdf,The Frog Factory es una simulación Lean Kanban. Consta de 5 rondas de seis minutos cada una y consite en la construcción de una rana de papel.,NA,
51,Paperwork Simulation,Inglés,Gratuito,NA,NA,NO,https://mn.gov/bms-stat/assets/paperwork_simulation_packet.pdf,"La simulación muestra la diferencia entre el procesamiento de lotes mediante ""one piece flow"". Los participantes se dividen en varios grupos y deben de ir procesando hojas de papel por lotes.",NA,
52,The Pizza Game,Inglés,Gratuito,NA,NA,NO,https://www.agile42.com/en/training/kanban-pizza-game/,"The Pizza Game enseña a los participantes cómo pasar de un proceso existente a un sistema Kanban, cómo visualizarlo y cómo modificarlo. Mediante papel, los usuarios tendrán que formar un trozo de pizza bajo unas especificaciones y unas limitaciones.",NA,
53,Scrum LEGO City,Inglés,Gratuito,NA,NA,NO,https://www.agile42.com/en/training/scrum-lego-city/,"The Scrum Lego City pone a prueba sus participantes para que, mediante LEGO, sean capaces de diseñar y construir una ciudad (edificios, automóviles y entornos naturales) bajo unos criterios específicos.",NA,
54,Business Value Game,Inglés,Comercial,agile42,4.76,SI,https://www.agile42.com/en/business-value-game/,Bussines Value Game es una herramienta para estimar el valor comercial de desarrollo de software. El objetivo consiste en la priorización de las características a través de su valor comercial.,NA,
55,Planning Poker,Inglés,Comercial,agile42,4.76,SI,https://www.agile42.com/en/planning-poker/,Planning poker es una técnica de estimación que permite calcular el esfuerzo o el tamaño relativo de las tareas de desarrollo de software.,NA,
56,Lean Bicycle Factory Game,Inglés,Gratuito,NA,NA,NO,http://www.leansimulations.org/2010/07/lean-bicycle-factory-game.html,Lean Bicycle Factory Game es un juego de descarga gratuita que simula el proceso de fabricación de una bicicleta. El usuario puede detectar oportunidades de mejora durante las 5 rondas.,NA,
57,Red Bead Experiment,Inglés,Gratuito,NA,NA,NO,http://www.leansimulations.org/2010/09/red-bead-experiment.html,Read Bead Experiment representa los problemas que puede suceder en un entorno de trabajo. Es una herramienta de enseñanza que se utiliza principalmente en la fabricación o instrucción en gestión de la calidad.,NA,
58,Lip dub,Español,Gratuito,NA,NA,NO,http://www.yumanyi.es/Lip_Dub.html,"Lip Dub es una coreografía en vídeo musical en grupo que se desarrolla sincronizando labios, gestos y movimientos de una canción popular. Una opción de actividad de team building para tu empresa.",NA,
141,PlayBrighter,Inglés,Gratis,Play Brighter,NA,SI,http://playbrighter.com/,"Se asignan “misiones” a los alumnos/as en los juegos y para conseguirlas deben progresar respondiendo satisfactoriamente a las preguntas creadas y/o seleccionadas por el profesor/a. Al completar la misión, el alumnado recibe una moneda especial que ...",NA,
59,Olimpiadas empresariales,Español,Gratuito,NA,NA,NO,https://teambuilding-zaragoza.weebly.com/olimpiadas-locas.html,"Perdidos en la luna tiene como objetivo mostrar a los participantes de las ventajas de la colaboración y la participación entre todos, así como desarrollar estrategias para llegar a acuerdos de grupo.",NA,
60,Egg Drop,Inglés,Gratuito,NA,NA,NO,http://www.freshtracks.co.uk/free-team-building/free-team-building-activity-egg-drop/,"Egg Drop es una actividad team building que hace que los equipos trabajen juntos, piensen creativamente y administren su tiempo. Se pide a los participantes que, con materiales limitados, hagan una estructura que evite que se caiga el huevo.",NA,
61,The DICE Game(s),Inglés,Gratuito,NA,NA,NO,https://public.wsu.edu/~engrmgmt/holt/em530/Docs/DiceGames.htm,"The DICE Game(s) es una versión del juego MIT DICE Game, pero incluye más variantes. El objetivo es mostrar cómo cada proceso de un sistema de fabricación está relacionado y depende de los procesos anteriores y posteriores.",NA,
62,Lean Cup Factory,Inglés,Gratuito,NA,NA,NO,https://norulesjustwords.wordpress.com/2012/02/22/lean-cup-factory/,"El juego Lean Cup Factory pretende mostrar a los participantes que el éxito de un proyecto suele conllevar varios fracasos previos. Además, aprenderán a construir con calidad, analizar y optimizar procesos y cooperar.",NA,
63,The Porsche JIT Game,Inglés,Gratuito,NA,NA,NO,http://www.leansimulations.org/2011/07/porsche-jit-game-beer-game-or-lean-box.html,"The Porsche JIT Game es un juego ""lean-box"" similar al Juego de la Cerveza pero más simple y fácil de administrar. Este sencillo juego muestra la diferencia entre la producción push y pull, con materiales baratos.",NA,
64,The Lean Dot Game,Inglés,Gratuito,NA,NA,NO,http://www.leansimulations.org/2011/10/lean-dot-game-stick-it-to-man.html,"The Dot Game es una pequeña gran simulación más sencilla que Mr Happy Face y mucho más ligera que Penny Game. En The Dot Game solamente se necesitan posits de colores para poder enseñar las herramientas como mapeo de flujo, 8 desperdicios ...",NA,
65,Bears in Space,Inglés,Gratuito,NA,NA,NO,https://www.stat.auckland.ac.nz/~iase/publications/2/Topic2n.pdf,"Bears in Space es un divertido juego de entrenamiento de six sigma, en donde, mediante una catapulta y unos ositos de goma se consigue medir la variabilidad y la importancia de la aleatorización.",NA,
66,Lean Bucket Brigade Game,Inglés,Gratuito,NA,NA,NO,http://www.leansimulations.org/2012/04/lean-bucket-brigade-game.html,"Lean Bucket Brigade Game es un juego que propone, mediante un vídeo, un método muy útil cuando se tiene un flujo de trabajo desequilibrado.",NA,
67,Snowflakes Game,Inglés,Gratuito,NA,NA,NO,http://tastycupcakes.org/2012/05/lean-startup-snowflakes/,"Snowflakes Game es un juego lean sencillo y diferente al resto. Diseñado para empresas lean start-ups que fabrican un producto creativo, como el desarrollo de software o una empresa con un gran enfoque al cliente.",NA,
68,The Marshmallow Challenge,Inglés,Gratuito,NA,NA,NO,http://www.leansimulations.org/2012/12/the-marshmallow-challenge-and-pdca-cycle.html,"The Mashmallow Challenge es un juego de trabajo en equipo que enseña no sólo cómo colaborar en equipo, sino que, además demuestra que los equipos funcionan bien bajo un método iterativo.",NA,
69,The 5S Shapes Game,Inglés,Gratuito,NA,NA,NO,http://www.leansimulations.org/2013/01/the-5s-shapes-game-whats-missing.html,En The Shapes Gae un entrenador japonés nos muestra en un vídeo un juego en equipo sobre las 5S.,NA,
70,The Multitasking Game,Inglés,Gratuito,NA,NA,NO,http://open-site.org/blog/the-multitask-test/game.php#,The Multitasking Game es un prqueño cuestionario que pone a prueba al usuario pulsando varias teclas a la vez para demostrar su capacidad a la hora de realizar multitareas.,NA,
71,The White Albatross,Inglés,Gratuito,NA,NA,NO,http://www.leansimulations.org/2015/01/story-telling-facilitating-teams-and.html,"The White Albatross no es un juego team-building, sino un ejercicio de narración de historias para formar líderes de eventos kaizen que sepan dirigir un equipo.",NA,
72,The Fast and Furious activity,Inglés,Gratuito,NA,NA,NO,http://agilepmandcoaching.blogspot.com.es/2017/06/the-fast-and-furious-and-other-fs.html,The Fast and Furious activity es un juego por equipos con el objetivo de entrenar a sus participantes en la recopilación de información en un tiempo limitado.,NA,
73,Core Scrum Game,Inglés,Gratuito,NA,NA,NO,http://tastycupcakes.org/2017/12/core-scrum-game/,Core Scrum Game es una actividad interactiva y colaborativa de clasificación de tarjetas con el objetivo de que los particiantes aprendan las diferencias entre lo que sí es Scrum y lo que no.,NA,
74,The Product Owner Challenge Game,Inglés,Gratuito,NA,NA,NO,http://product-owner-challenge-game.weebly.com/the-game.html,The Product Owner Challenge Game se trata de un juego con bloques de Lego que tiene como objetivo ilustrar cómo funciona la gestión ágil de proyectos. Demuestra que el Product Owner que deja al equipo tomar decisiones consigue mejores resultados quue ...,NA,
75,Scrum Knowsy,Inglés,Gratuito,NA,NA,NO,http://www.scrumknowsy.com/,"Scrum Knowsy es un juego gratuito diseñado para el juego en equipo, dejando que los propios miembros del equipo desafíen el conocimiento de cada uno sobre Scrum.",NA,
76,Abecedario y Números - Juego Multitarea,Español,Gratuito,NA,NA,NO,https://proyectosagiles.org/2011/05/01/abecedario-numeros-simulacion-organizaciones-multitarea/,"Este juego simula una organización con personas trabajando en varios proyectos de manera simultánea. El objetivo es demostrar que, para ser más eficientes, es necesario un rediseño organizativo con equipos más pequeños que contengan todas las capac...",NA,
77,"The Core Beliefs of Waterfall, Agile and Lean",Inglés,Gratuito,NA,NA,NO,https://www.360pmo.com/core-beliefs-waterfall-agile-lean/,"Esta actividad de aprendizaje no sólo mojora el conocimiento básico de Waterfall, Agile y Lean, sino que también ayuda a los participates a identificar las diferencias entre los principios de los sistemas de Waterfall, Agile y Lean.",NA,
78,The Kanban Donut Game,Inglés,Gratuito,NA,NA,NO,http://tastycupcakes.org/2017/10/deep-dive-into-kanban-essentials-using-donut-making/,The Kanban Donut Game es un juego por equipos en donde los participantes van apriendiendo los principios Kanban a medida que avanzan en el proceso de fabricación de donuts con cartulinas y plastilina,NA,
79,The Large Scale Scrum Dynamics Game,Inglés,Gratuito,NA,NA,NO,http://tastycupcakes.org/2017/09/the-large-scale-scrum-less-dynamics-game/,"Los participantes de dividen en equipos. La tarea a realizar consiste en crear el texto ""LeSS = Scrum"" mediante posits. A cada equipo se le asocia un color de posit. El juego pretende enseñar a los participantes que el diseño organizacional que utiliza...",NA,
80,The League of Estraordinarily Shortsighted Agile Superleades,Inglés,Gratuito,NA,NA,NO,http://agilesuperleaders.info/,En esta actividad deberás relacionar a los integrantes de tu equipo con la lista de superhéroes. Cada superhéroe tiene un superpoder y una debilidad. El objetivo es que las personas del equipo conozcan sus habilidades y también sus defectos a la hor...,NA,
81,May the Force be with you Retrospective,Inglés,Gratuito,NA,NA,NO,http://tastycupcakes.org/2017/05/may-the-4th-force-be-with-you-retrospective/,"Be the Force with you Retrospective es una actividad basada en un enfoque ágil y scrum cuyo objetivo es hacer incapié en los valores de equipo: respeto, compromiso, etc, además de crear elementos para mejorar el equipo y maximizar los que funcionan.",NA,
82,X-Matrix Jigsaw Puzzle,Español,Gratuito,NA,NA,NO,https://availagility.co.uk/resources/games/x-matrix-jigsaw-puzzle/,X-Matrix Jigsaw Puzzle es un breve ejercicio que tiene la intención de darle la oprtunidad a los participantes de trabajar mediante un pequeño puzle con una Matriz-X y así ver sus beneficios en el trabajo.,NA,
83,Failure Memory Game,Inglés,Gratuito,NA,NA,NO,http://tastycupcakes.org/2017/02/failure-memory-game/,Faillure memory game es un juego para aprender de los fallos y experimentar cómo una organización puede beneficiarse de la cultura del fallo. Consiste en ir volteando tarjetas boca abajo hasta encontrar las parejas.,NA,
84,The Coffe Game,Inglés,Gratuito,NA,NA,NO,http://tastycupcakes.org/2016/10/the-coffee-game/,The Coffe Game permite a los jugadores experimentar el papel de ser un Product Owner (Propietario del producto). Los jugadores organizados por equipos tratarán de crear el mayor valor comercial para la organización a la vez que mantienen contentos a lo...,NA,
85,Nexus Zoo,Inglés,Gratuito,NA,NA,NO,https://www.scrum.org/resources/nexus-guide,"Nexus Zoo es un simulador de desarrollo de productos. Pone a los equipos en una situación en la que necesitan convertir sus características individuales en un incremento colectivo. Deben resolver cómo gestionar las dependencias entre los equipos, así...",NA,
86,Scrum Simulation with Minecraft,Inglés,Gratuito,NA,NA,NO,http://gameagile.com/scrum-simulation-with-minecraft/,"""Este libro electrónico gratuito presenta un enfoque paso a paso para realizar una simulación de Scrum completa con Minecraft. Una actividad de aprendizaje excepcional para la enseñanza de Scrum. Es gratis de usar y adaptar, con licencia bajo Creative...",NA,
87,Judgement Juggler,Inglés,Gratuito,NA,NA,NA,http://tastycupcakes.org/2016/06/judgement-juggler/,Judgement Juggler es un juego de aprendizaje con una pelota basado en The Penny Game. Presenta estimaciones basadas en defectos y dependencias del proceso para simular más de cerca el desarrollo en un entorno empresarial.,NA,
88,The Agile Mindset Workshop,Inglés,Gratuito,NA,NA,SI,http://www.carolinagorosito.com/2016/04/13/agile-mindset-a-workshop/,"The Agile Mindset Workshop es juego en el que todos los jugadores participan y comparten sus opiniones, pensamientos, ideas y usos sobre el manifiesto ágil y sus principios. El objetivo del juego es fomentar una metodología y un pensamiento ágil basa...",NA,
89,First Things First?,Inglés,Gratuito,NA,NA,NO,http://tastycupcakes.org/2016/06/first-things-first/,"Basado en ""Los siete hábitos de la gente altamente efectivas"" de Stephen Covey, este ejercicio visual y táctil puede ayudar a un equipo a centrarse en lo más importante. Además promueve la alineación entre los miembros del equipo y el liderazgo (Pro...",NA,
90,Traditional vs Agile Approach of Managingi Work,Inglés,Gratuito,NA,NA,NO,http://tastycupcakes.org/2016/05/5668/,"Este juego simula cascadas y entornos de trabajo ágiles. El Objetivo de la actividad, es que, en la sesión de debate, los participantes puedan reconocer las diferentes estrucutas de equipo. Para ello, se dividen en equipos, cada uno con un rol distinto...",NA,
91,Agile Jenga Testing Game,Inglés,Gratuito,NA,NA,NO,https://nandalankalapalli.wordpress.com/2011/09/15/game-test-small-test-often/,"Agile Jenga Testing Game promueve a que los participantes usen un enfoque ágil con sprints frente a un enfoque de programación por pares. Un jugador será el desarrollador que, mediante bloques, realizará una estructura. Un segundo jugador será el te...",NA,
92,Try or Die- The X-periment,Inglés,Gratuito,NA,NA,NO,http://tastycupcakes.org/2016/02/try-or-die-the-x-periment/,"Try or Die es un juego de 20 minutos para grupos de 3 a 5 personas en donde aprenderán a actuar en condiciones de incertidumbre/ambigüedad. Mediante tarjetas, se irán proponiendo desafíos a los participantes que tendrán que ir resolviendo.",NA,
93,Daily Stand Up Simulation,Inglés,Gratuito,NA,NA,NO,http://www.360pmo.com/daily-stand-up-simulation/,"Daily Stand Up Simulation es una práctica Stand-up ágil, visible y ampliamente utilizda. Los participantes jugarán los papeles de un guión dado y lo reproducirán. Al final de este se discutirán observaciones sobre Scrum, Stand-Up, etc",NA,
94,The Job Title Game,Inglés,Gratuito,NA,NA,NO,http://tastycupcakes.org/2016/01/the-job-title-game/,"The Job Title Game es una buena dinámica para favorecer un entorno de trabajo de equipo. Cada participante anotará con un título su última actividad en la empresa y el resto, al leer el título, tratará de adivinar a quién pertenece.",NA,
95,JardonBust,Inglés,Gratuito,NA,NA,NO,http://tastycupcakes.org/2015/10/jargonbust/,"JargonBust es un juego verbal en la que se comprobará cúanto saben los participantes sobre los conceptos de la metología ágil. Un miembro de uno de los equipos, tratará de explicar un concepto de la metodología ágil sin usar ninguna ninguna palabr...",NA,
96,My Toy: An Agile Product Development Game,Inglés,Gratuito,NA,NA,NO,http://blog.mjouan.fr/mytoy-agile-product-development-game/,"My Toy es un juego de simulación de desarrollo de productos mediante una metodología ágil con LEGO, Scrum, etc. El equipo construirá un mapa de historia y decidirá qué experimentos realizar en cada sprint para construir el producto más adecuado pa...",NA,
97,La Retrospectiva Sandwich,Español,Gratuito,NA,NA,NO,https://samuelcasanova.com/2014/10/la-retrospectiva-sandwitch/,"La Retrospectiva Sandwich es un juego ágil enfocado a obtener un número grande de ideas y soluciones a uno o varios problemas. La dinámica consistirá en la recolección de problemas, la aportación de soluciones mediante la generación de conocimie...",NA,
98,Brainwriting o técnica 635,Español,Gratuito,NA,NA,NO,https://samuelcasanova.com/2014/09/brainwriting-o-tecnica-635/,"La Técnica 636 o Brainwriting es una práctica por equipos ágiles para ir mejorando como equipo poco a poco. La idea es similar un Brainstorming pero en este caso las ideas se escriben, de tal forma que el siguiente jugador pueda leerlas e inspirarse e...",NA,
99,"Retrospectiva ""The Cool Wall""",Español,Gratuito,NA,NA,NO,https://samuelcasanova.com/2013/12/retrospectiva-the-cool-wall/,"The Cool Wall es un juego basado en el popular programa de coches de la BBS ""Top Gear"". Los participantes tendrán que clasificar los ítems dados de la empresa entre las categorías de: ""Seriously Un-Cool"", ""Un-Cool"", ""Cool"", ""Sub-Zero"", lo que ayudará...",NA,
100,"Retrospectiva ""Speed Dating""",Español,Gratuito,NA,NA,NO,https://samuelcasanova.com/2013/11/retrospectiva-speed-dating/,"Speed Dating tiene como objetivo potenciar la participación de los jugadores que deberán, durante un tiempo limitado, dar acciones a realizar en el próximo sprint sobre 4 temas asociados con la empresa para conseguir mejorar la actividad de la empre...",NA,
101,"Retrospectiva ""The Sailboat""",Español,Gratuito,NA,NA,NO,https://samuelcasanova.com/2013/10/retrospectiva-the-sailboat-o-el-velero/,"The Sailboat (El Velero) es una retrospectiva de equipo que consiste en hacer un DAFO pero con una representación visual del equipo como un velero: las velas son las fortalezas, el ancla las debilidades, la isla a lo lejos representa las oportunidades y...",NA,
102,The getKanban Board Game,Español,Gratuito,NA,NA,NO,http://scrum.menzinsky.com/2015/10/hay-algun-juego-para-crear-e-integrar.html,The getKanban board es un juego diseñado para enseñar los conceptos y la mecánica Kanban para el desarrollo software en una clase o taller.,NA,
103,Zeppelean,Español,Comercial,Prisma,"2,7 €/user",SI,https://bezeppelean.com/es/,Zeppelean es una plataforma de gamificación que convierte la evaluación de competencias en una competición de coleccionar cromos. Permite medir competencias y procesos internos de forma regular para así identificar y recompensar a las personas que ap...,NA,
104,Revista Scrum,Español,Gratuito,NA,NA,NO,http://www.lecciones-aprendidas.info/2013/04/una-dinamicajuego-para-ensenar-scrum.html,"Revista Scrum es un juego para enseñar Scrum que consiste en construir una revista basada en recortes de imágenes con textos. Para cada equipo se crea un Product Backlog priorizado. Al finalizar el sprint, se clasificarán los equipos por puntos.",NA,
105,Gestión de Proyectos con GOT,Español,Gratuito,NA,NA,NO,http://www.laboratorioti.com/2013/06/12/lemas-de-juego-de-tronos-aplicados-a-la-gestion-de-proyectos-casa-baratheon-i/,"Serie de artículos en donde, a partir de las diferentes casas de la famosa serie de Juego de Tronos, se obtendrán lecciones y mejores prácticas sobre la Gestión de Proyectos.",NA,
106,The Project Management Game,Inglés,Gratuito,NA,NA,NO,http://thatpmgame.com/,The Project Management Game es un juego gratis online de gestión de projectos. El juego se centra en la herramienta del Diagrama de Gantt y el objetivo es asignar el personal de la empresa con las tareas del Diagrama de Gantt.,NA,
107,F1 Project Management GRAN PRIX,Español,Gratuito,NA,NA,NO,http://itcformacionyconsultoria.com/juegos-gestion-proyectos-pm-comunicacion/,En F1 Project Management Grand Prix jugarás junto a tu equipo el papel de una empresa que acaba de entrar a competir en la Fómula 1 creando una nueva escudería. Mediante cartón se construirá una rueda que simulará el coche y el trazado se dibujará...,NA,
108,Sharkworld,Inglés,Gratuito,NA,NA,SI,http://www.sharkworldgame.com/,Sharkworld permite a los aspirantes a gestores de proyectos experimentar y adquirir experiencia en aspectos clave de la gestión de proyectos en un entorno entretenido y motivador. Este juego en línea crea un entorno virtual convincent en el que se desa...,NA,
109,Project Risk Game,Inglés,Comercial,Successful Projects,200$,SI,http://www.successfulprojects.com/Store/Project-Risk-Board-Game,"Project Risk es un juego que forma a los participantes en la Gestión de Proyectos en el ámbito del conocimiento de la Gestión de los Riesgos. Se juega en un tablero de juego, con cartas y piezas sobre los riesgos.",NA,
110,The Battle of the Retrospectives,Inglés,Gratuito,NA,NA,NO,http://agify.me/the-battle-of-the-retrospectives/,"The Battle of Retrospecives es un ejercicio para practicar diversas formas de realizar retrospectivas. Podría usarse también como un instrumento para evaluar y, a la larga, seleccionar el formato retrospectivo que mejor se adapte a las necesidades y pr...",NA,
111,The Faceboard Game,Inglés,Gratuito,NA,NA,NO,http://agify.me/the-faceboard-game/,"The Faceboard Game es un ejercicio diseñado para que los miembros de equipos de trabajo grandes (de más de 50 personas) se conozcan entre ellos: nombres, intereses, gustos, etc, y así formen grupos de interés. Este juego se concibió para que los par...",NA,
112,The Teamwork Oscars,Inglés,Gratuito,NA,NA,NO,http://agify.me/the-teamwork-oscars/,"The Teamwork Oscars es un juego en el que los participantes, por equipos, deberán resolver una serie de acertijos. Los oscars se repartirán entre los ganadores. Este ejercicio se puede usar para analizar más a fondo la importancia de los roles grupale...",NA,
113,The Workplace Equations,Inglés,Gratuito,NA,NA,NO,http://agify.me/the-workplace-equations/,"The Workplace Equations es un ejercicio que impulsa a los participantes a plantearse acerca de qué tipo de satisfacción y motivación hay en el trabajo. El tema principal del juego será la famosa ecuación de: ""Heaven ==! Hill"" utilizándola en el ám...",NA,
114,"Means First, Then States Syndrome",Inglés,Gratuito,NA,NA,NO,http://agify.me/means-first-then-states-syndrome/,"Means First, then States Syndrome genera una discusión significativa sobre qué es el éxito para los proyectos y qué factores podrían incluir en ellos. Además, aboga por la Teoría de los Interesados y el Análisis de las partes interesadas.",NA,
115,Values Advocacy,Inglés,Gratuito,NA,NA,NO,http://agify.me/values-advocacy/,Values Advocacy es un ejercicio que introduce e impulsa una discusión sobre los cuatro valores en el Manifiesto Ágil. Dinámica por equipos en la que cada equipo deberá pensar aspectos positivos y negativos de cada valor.,NA,
116,"Defining ""Done""",Inglés,Gratuito,NA,NA,NO,http://tastycupcakes.org/2014/06/defining-done/,"Este juego ayuda a los equipos a crear una nueva definición de ""hecho"" y comprenderán porqué es tan importante. Mediante la construcción de un avión de papel, los equipos deberán construir una definición del trabajo hecho bajo unos requisitos.",NA,
117,Featureban,Inglés,Gratuito,NA,NA,NO,https://www.agendashift.com/featureban,"Featureban es un juego de simulación kanban simple, divertido y personalizable. El juego comienza con administración visual (iteración 1), límites de WIP (iteración 2) y métricas (iteración 3).",NA,
118,15-minute FOTO,Inglés,Gratuito,NA,NA,NO,https://www.agendashift.com/15-minute-foto,"15-minute FOTO es un juego de entrenamiento inspirado en el ""clean language"" . FOTO significa ""de obstáculos a resultados"" (from obstacles to outcomes). Los participantes en 15 minutos deben de generar tantos como puedan.",NA,
119,The Rocket Retrospective,Inglés,Gratuito,NA,NA,NO,http://agify.me/the-rocket-retrospective/,The Rocket Retrospective es una retrospectiva de 15 minutos que definde las acciones concretas de seguimiento de cada uno de sus participantes.,NA,
120,LEGO Flow Game,Inglés,Gratuito,NA,NA,NO,https://availagility.co.uk/resources/games/lego-flow-game/,"LEGO Flow Game es un ejercicio divertido para comparar y contrastar diferentes enfoques de procesos, con respecto a cómo fluye el trabajo. El objetivo del juego es contruir elementos de LEGO con un flujo de trabajo definido.",NA,
121,The Risk is in the blocks!,Inglés,Gratuito,NA,NA,NO,http://tastycupcakes.org/2013/04/the-risk-is-in-the-blocks/,The Risk is in the blocks permite al alumno aprender sobre la gestión de riesgos y realizar evaluaciones mediante este divertido juego.,NA,
122,E.W.A.N. McGregor,Inglés,Gratuito,NA,NA,NO,https://docs.google.com/document/d/10WlzaTpyZS5uHg1fA8NI_inOpjdpNOtOI2br543FtIc/edit,"El propósito del juego E.W.A.N. McGregor es el de ayudar al equipo a admitir un tema difícil, preparase para hablar sobre él y avanzar. Además, ayudará a los participantes a resolver conflictos.",NA,
123,Workkola,Español,Gratuito,NA,NA,NO,https://workkola.com/es/estudiantes/,Workkola es una nueva plataforma que realiza procesos de selección mediante gamificación. Su razón de ser se basa en la contratación de perfiles junior tomando como referencia las habilidades demostradas y no un currículum.,NA,
140,Kahoot,Inglés,Gratis,Kahoot,NA,SI,https://kahoot.com/?utm_name=controller_app&utm_source=controller&utm_campaign=controller_app&utm_medium=link,Kahoot permite crear preguntas y respuestas de manera muy intuitiva que pueden ser utilizadas a modo de repaso para los alumnos de manera individual o grupal. Resulta muy visual y muy divertido,NA,
139,Classdojo,Español,Gratis,NA,NA,SI,https://www.classdojo.com/es-es/,Plataforma de gestión del aula en la que participan tanto estudiantes como profesores y además de padres. Su objetivo es permitir al profesor administrar un aula escolar en base a puntuaciones sobre el comportamiento.,NA,
124,Ribbon Hero,Español,Gratuito,NA,NA,SI,http://www.wonnova.com/blog/ribbon-hero-gamificacion-para-aprender-a-usar-msoffice-201306,"Ribbon Hero es un juego lanzado por Microsoft para facilitar el aprendizaje de MS Office. Los usuarios tendrán que superar retos como formatear textos, insertar tablas, calcular promedios con Excel, etc.",NA,
125,Gamification Model Canvas,Español,Gratuito,NA,NA,NO,http://www.gameonlab.es/canvas/,Gamification Model Canvas es una herramienta gratuita que ayuda a generar juegos teniendo en cuenta los objetivos. Está basado en modelos formales de diseño de juego y experiencia en proyectos de gamificación.,NA,
138,Classcraft,"Español, Inglés",Gratis,Shawn Young,NA,SI,https://www.classcraft.com/es/,Juego de rol diseñado para educación en el cual juegan profesores y alumnos. Los logros que los alumnos consiguen en el juego también les sirve en la vida real.,NA,
126,El Plan del Héroe,Español,Comercial,theheroeplan,12.95,SI,http://theheroplan.com/es/,"El Plan del Héreo (The Heroe Plan) es un juego de tablero que proporciona una ayuda para la creación de empresas. Tiene versión digital, virtual o impresa.",NA,
127,The Herculean Donut,Inglés,Gratuito,NA,NA,NO,http://tastycupcakes.org/2013/02/the-herculean-doughnut/,The Herculean Donut es un juego para ayudar a evaluar si los involucrados en un proyecto comprenden sus responsabilidades entre sí y con respecto al proyecto.,NA,
128,Take the Win Win Wave,Inglés,Gratuito,NA,NA,NO,http://tastycupcakes.org/2012/12/take-the-win-win-wave/,"Take the Win Win Wave es un juego donde las personas intentan visualizar su flujo de trabajo y mejorarlo. Utiliza el enfoque ""play & work"" y el mapeo de flujo de valores.",NA,
129,Mafia (game),Inglés,Gratuito,NA,NA,NO,http://www.games-wiki.org/wiki/Werewolves_of_Millers_Hollow/,"Mafia es un famoso juego utilizado en círculos de desarrollo y como juego de trabajo de equipo. Consiste en un juego de identidades ocultas. Simula un conflicto entre una minoría informada, la mafia, y una mayoría desinformada, los inocentes.",NA,
130,Delight,Inglés,Gratuito,NA,NA,NO,http://tastycupcakes.org/2012/11/delight/,"Delight es un ejericio de improvisación por parejas. Cada pareja debe contar (deleitar) una historia sobre algo que hicieron juntos, pero uno de ellos solo puede responder no. Cuando el compañero escuche ""no"" debe cambiar la dirección de la historia.",NA,
131,The Blame Game,Inglés,Gratuito,NA,NA,NO,http://tastycupcakes.org/2012/10/the-blame-game/,The Blame Game es un juego diseñado para que las personas experimenten los efectos de diferentes sistemas de castigos/recompensas en la forma en que un equipo trabaja en conjunto.,NA,
137,Pasapalabra,Español,Gratis,NA,NA,NO,http://activinspire.blogspot.com/2013/05/pasapalabra-en-powerpoint.html,Mediante esta entrada de blog podremos personalizar la presentación Power point con las preguntas que queramos que contenga el Pasapalabra. Válida para cualquier asignatura en la que se quiera reforzar los conceptos teóricos de una manera dinámica y ...,NA,
132,Multitasking game - Hands/Numbers/Song,Inglés,Gratuito,NA,NA,NO,http://winnipegagilist.blogspot.com.es/2012/01/multitasking-game-handsnumberssong.html,"Multitasking game - Hands/Numbers/Song es un juego que siimula los costos reales del cambio de tareas. El juego consiste en, por parejas, realizar tres tareas diferentes y comparar los tiempos.",NA,
133,Learning Matrix,Inglés,Gratuito,NA,NA,NO,http://tastycupcakes.org/2011/08/learning-matrix/,Learning Matrix es un juego retrospectivo que consiste en identificar los elementos de mayor prioridad para mejorar el proceso. Este ejercicio permite realizar análisis retrospectivos en un entorno positivo.,NA,
134,Mapa de empatía,Español,Gratuito,NA,NA,NO,http://dispersium.es/mapa-de-empatia-ponte-en-los-zapatos-de-tu-cliente/,"El Mapa de Empatía es una herramienta que obliga a los participantes a ""ponerse en el lugar del cliente"" con el objetivo de identificaar realmente las características que nos permitirán realizar un mayor ajuste entre nuestros productos o servicios y s...",NA,
135,Speed Boat,Inglés,Gratuito,NA,NA,SI,http://www.innovationgames.com/speed-boat/,"El objetivo de Speed Boat es identificar los factores que impiden que su producto o servicio avance. La velocidad del bote representa a la empresa del participante, mientras que los problemas que lo retrasan están simbolizados por anclas.",NA,
136,Planning Poker,Inglés,Gratuito,NA,NA,NO,https://www.crisp.se/bocker-och-produkter/planning-poker,"Planning Poker es una herramienta sencilla pero poderosa que hace que la estimación en equipo sea más rápida, más precisa y mas divertida.",NA,
142,Codespells,Inglés,Comercial,Multi-Dimensional Games,"19,99$",SI,https://codespells.org/,"Juego de ambientación de rol y fantasía, donde los jugadores se pondrán en el papel de unos magos y tendrán una amplia gama de posibilidades de conjuros basándose en los 4 elementos (Tierra, fuego, agua y aire). La originalidad consiste en que para ...",NA,
143,CodeCombat,Inglés,Comercial,CodeCombat,NA,SI,https://codecombat.com/,"Un videojuego para aprender a programar en el que tendremos que ir resolviendo ciertos retos y problemas a través de código para ir avanzando y mejorar nuestro nivel y equipamiento. Cada vez serán planteamientos más complicados, y cada vez aprenderem...",NA,
144,Lean Machines,Inglés,Producción / Lean,Siemens,Gratuito,No,https://leanmachinesgame.co.uk/,"Simulación online de una línea de producción de cinco estaciones donde el jugador debe configurar operaciones, gestionar inventario y organizar la secuencia de producción para maximizar el throughput y minimizar desperdicios siguiendo principios Lean.",NA,data_clean/fichas/lean_machines.pdf
145,MTaKanDoLean,Inglés,Lean Manufacturing / Operaciones,Experiential Learning Ltd,£825,No,https://www.experientiallearning.org/kits/kando-lean/,"Juego presencial tipo workshop donde equipos simulan una línea de producción para aprender principios Lean como 5S, eliminación de desperdicios, balanceo de línea, pull systems y mejora continua mediante ciclos de mejora.",NA,data_clean/fichas/mtakandolean.pdf
146,RTY Card Drop,Inglés,Calidad / Six Sigma,MoreSteam,Gratuito,No,https://media.moresteam.com/university/downloads/RTY_Card_Drop_Instructions.pdf,Dinámica de equipo utilizada en formación Six Sigma para comprender el concepto de Rolled Throughput Yield (RTY) simulando una línea de producción mediante la caída de naipes en estaciones sucesivas.,NA,data_clean/fichas/rty_naipes.pdf
147,TOCNUN Factory Simulator,Español,Gestión de Operaciones / TOC,Tecnun (Universidad de Navarra),Gratuito,Sí,,Simulador educativo de gestión de producción utilizado para enseñar Theory of Constraints y gestión de cuellos de botella mediante la planificación y control de una planta productiva.,NA,data_clean/fichas/tocnun_ma.pdf
